City_ID,City,Country,Date,Lat,Lng,Max Temp,Humidity,Cloudiness,Wind Speed
0,Hermanus,ZA,2021-03-27 15:24:19,-34.4187,19.2345,66.0,63,57,1.99
1,Busselton,AU,2021-03-27 15:24:20,-33.65,115.3333,59.0,83,60,8.95
2,Arraial Do Cabo,BR,2021-03-27 15:24:20,-22.9661,-42.0278,91.4,62,0,13.8
3,Hami,CN,2021-03-27 15:24:20,42.8,93.45,58.35,41,100,7.45
4,Hithadhoo,MV,2021-03-27 15:24:21,-0.6,73.0833,83.68,72,93,10.42
5,Hobart,AU,2021-03-27 15:20:22,-42.8794,147.3294,53.6,71,75,11.5
6,Ardakan,IR,2021-03-27 15:24:21,32.31,54.0175,86.0,12,20,16.11
7,Carutapera,BR,2021-03-27 15:24:21,-1.195,-46.02,74.32,95,100,4.0
8,Zaysan,KZ,2021-03-27 15:24:22,47.4667,84.8667,35.17,96,91,3.53
9,Anchorage,US,2021-03-27 15:19:48,61.2181,-149.9003,23.0,68,90,3.44
10,New Norfolk,AU,2021-03-27 15:24:22,-42.7826,147.0587,52.0,79,60,1.01
11,Port Elizabeth,ZA,2021-03-27 15:24:22,-33.918,25.5701,66.2,77,0,18.41
12,Ayan,RU,2021-03-27 15:24:22,56.45,138.1667,10.15,96,100,5.23
13,Nizhniy Lomov,RU,2021-03-27 15:24:23,53.5304,43.6766,33.04,99,100,7.34
14,Darhan,MN,2021-03-27 15:24:23,49.4867,105.9228,17.62,82,4,2.55
15,Valley City,US,2021-03-27 15:20:05,46.9233,-98.0032,33.8,69,1,12.66
16,Vila Velha,BR,2021-03-27 15:24:23,-20.3297,-40.2925,89.01,62,20,11.5
17,Yellowknife,CA,2021-03-27 15:24:24,62.456,-114.3525,8.01,85,75,8.05
18,Tulle,FR,2021-03-27 15:23:29,45.3333,1.8333,60.01,17,13,4.0
19,Lasa,IT,2021-03-27 15:24:24,46.6166,10.7002,66.2,66,20,5.75
20,Chuy,UY,2021-03-27 15:24:24,-33.6971,-53.4616,76.66,76,81,2.75
21,Butaritari,KI,2021-03-27 15:24:25,3.0707,172.7902,80.85,79,99,14.94
22,Souillac,MU,2021-03-27 15:24:25,-20.5167,57.5167,77.0,94,75,3.44
23,Toktogul,KG,2021-03-27 15:24:25,41.8708,72.9402,51.85,74,100,2.68
24,Clyde River,CA,2021-03-27 15:24:26,70.4692,-68.5914,-0.4,65,90,4.61
25,Albany,US,2021-03-27 15:24:26,42.6001,-73.9662,52.0,48,11,1.99
26,East London,ZA,2021-03-27 15:24:26,-33.0153,27.9116,68.0,60,0,20.71
27,Muros,ES,2021-03-27 15:24:26,42.7762,-9.0603,68.0,45,0,5.66
28,Tazovskiy,RU,2021-03-27 15:24:27,67.4667,78.7,8.55,94,100,15.9
29,Sayyan,YE,2021-03-27 15:24:27,15.1718,44.3244,67.57,11,91,11.61
30,San Fernando,PH,2021-03-27 15:24:27,15.0286,120.6898,80.6,74,75,2.3
31,Vestmannaeyjar,IS,2021-03-27 15:24:28,63.4427,-20.2734,30.2,93,75,48.34
32,Ushuaia,AR,2021-03-27 15:24:28,-54.8,-68.3,55.4,67,75,6.91
33,Richards Bay,ZA,2021-03-27 15:24:28,-28.783,32.0377,73.08,84,13,13.82
34,Port Alfred,ZA,2021-03-27 15:24:28,-33.5906,26.891,69.94,62,24,24.61
35,Xining,CN,2021-03-27 15:24:29,36.6167,101.7667,49.5,24,100,8.81
36,Vaini,TO,2021-03-27 15:24:29,-21.2,-175.2,78.8,94,20,5.75
37,Nioro,GM,2021-03-27 15:24:29,13.35,-15.75,107.29,6,5,9.95
38,Jamestown,US,2021-03-27 15:21:54,42.097,-79.2353,53.01,71,40,6.89
39,Moanda,GA,2021-03-27 15:24:30,-1.5575,13.2178,87.8,70,40,5.97
40,Atuona,PF,2021-03-27 15:24:30,-9.8,-139.0333,80.6,76,100,19.46
41,Longyearbyen,SJ,2021-03-27 15:24:30,78.2186,15.6401,21.2,79,90,29.93
42,Juneau,US,2021-03-27 15:24:30,58.3019,-134.4197,33.8,86,90,14.97
43,Haukipudas,FI,2021-03-27 15:24:31,65.1765,25.3523,45.0,65,0,5.75
44,Cap Malheureux,MU,2021-03-27 15:24:31,-19.9842,57.6142,81.0,78,32,4.38
45,Guano,EC,2021-03-27 15:24:31,-1.5833,-78.6333,71.6,78,75,5.75
46,Antofagasta,CL,2021-03-27 15:20:11,-23.65,-70.4,73.0,72,20,5.75
47,Mataura,NZ,2021-03-27 15:24:32,-46.1927,168.8643,57.99,89,36,1.01
48,Kruisfontein,ZA,2021-03-27 15:24:32,-34.0033,24.7314,66.99,70,19,11.99
49,Khatanga,RU,2021-03-27 15:24:32,71.9667,102.5,4.41,94,100,6.93
50,Ilulissat,GL,2021-03-27 15:24:33,69.2167,-51.1,-9.4,49,1,2.3
51,Padang,ID,2021-03-27 15:24:33,-0.9492,100.3543,80.6,89,40,1.14
52,Cayenne,GF,2021-03-27 15:21:33,4.9333,-52.3333,87.8,66,75,17.27
53,Tuatapere,NZ,2021-03-27 15:24:33,-46.1333,167.6833,57.99,89,95,1.01
54,Punta Arenas,CL,2021-03-27 15:23:58,-53.15,-70.9167,57.2,67,75,11.5
55,Tautira,PF,2021-03-27 15:24:34,-17.7333,-149.15,77.0,88,40,3.44
56,Marawi,PH,2021-03-27 15:24:34,7.9986,124.2928,77.0,90,100,1.01
57,Wuwei,CN,2021-03-27 15:24:34,37.9281,102.6414,51.8,30,99,2.66
58,Boueni,YT,2021-03-27 15:24:35,-12.9025,45.0761,82.4,78,53,10.36
59,Pachino,IT,2021-03-27 15:24:35,36.7186,15.0907,60.8,55,100,9.22
60,Nanortalik,GL,2021-03-27 15:24:35,60.1432,-45.2371,6.31,73,12,16.35
61,Bredasdorp,ZA,2021-03-27 15:24:29,-34.5322,20.0403,68.0,49,92,12.66
62,Matay,EG,2021-03-27 15:24:36,28.419,30.7792,68.88,20,0,19.08
63,Victoria,HK,2021-03-27 15:19:51,22.2855,114.1577,75.0,88,3,2.98
64,Bani Walid,LY,2021-03-27 15:24:31,31.7566,13.9942,70.25,20,12,5.1
65,Sitka,US,2021-03-27 15:24:36,57.0531,-135.33,33.8,93,90,3.44
66,Dikson,RU,2021-03-27 15:24:37,73.5069,80.5464,-16.04,100,57,8.55
67,Saldanha,ZA,2021-03-27 15:20:19,-33.0117,17.9442,69.8,46,0,20.71
68,Hokitika,NZ,2021-03-27 15:24:37,-42.7167,170.9667,61.52,97,100,11.45
69,Rikitea,PF,2021-03-27 15:24:37,-23.1203,-134.9692,78.55,73,33,20.09
70,Isabela,PH,2021-03-27 15:24:38,6.7085,121.9711,80.6,89,75,3.44
71,Ribeira Grande,PT,2021-03-27 15:24:38,38.5167,-28.7,62.6,77,75,12.66
72,Marsa Matruh,EG,2021-03-27 15:24:39,31.3525,27.2453,60.8,44,40,12.66
73,Chokurdakh,RU,2021-03-27 15:24:39,70.6333,147.9167,-9.99,92,99,5.57
74,Beloha,MG,2021-03-27 15:24:39,-25.1667,45.05,76.51,73,43,10.38
75,Coxim,BR,2021-03-27 15:24:39,-18.5067,-54.76,93.27,28,1,7.58
76,Tuktoyaktuk,CA,2021-03-27 15:24:40,69.4541,-133.0374,-29.2,75,20,2.3
77,Vardo,NO,2021-03-27 15:24:40,70.3705,31.1107,39.2,75,75,18.41
78,Castro,BR,2021-03-27 15:24:40,-24.7911,-50.0119,81.03,49,88,6.15
79,Preobrazheniye,RU,2021-03-27 15:24:41,42.9019,133.9064,38.46,92,100,0.69
80,Iqaluit,CA,2021-03-27 15:22:52,63.7506,-68.5145,-14.8,70,40,6.58
81,Caravelas,BR,2021-03-27 15:24:41,-17.7125,-39.2481,87.93,49,0,8.77
82,Khandyga,RU,2021-03-27 15:24:41,62.6667,135.6,13.77,97,100,2.75
83,Mar Del Plata,AR,2021-03-27 15:24:42,-38.0023,-57.5575,64.99,77,75,25.32
84,Avarua,CK,2021-03-27 15:24:42,-21.2078,-159.775,78.8,89,75,5.75
85,Margate,GB,2021-03-27 15:24:42,51.3813,1.3862,52.0,42,85,4.0
86,Athens,GR,2021-03-27 15:23:02,37.9795,23.7162,60.8,44,20,11.5
87,Caucaia,BR,2021-03-27 15:24:43,-3.7361,-38.6531,77.0,100,75,2.3
88,Hasaki,JP,2021-03-27 15:24:43,35.7333,140.8333,51.8,82,75,5.75
89,Pangoa,PE,2021-03-27 15:24:43,-12.1167,-73.0,77.92,81,48,1.86
90,Beringovskiy,RU,2021-03-27 15:24:44,63.05,179.3167,-14.22,99,25,4.14
91,Aswan,EG,2021-03-27 15:24:44,24.0934,32.907,76.06,10,0,17.52
92,Sabha,LY,2021-03-27 15:24:44,27.0377,14.4283,71.01,15,0,12.28
93,Kranjska Gora,SI,2021-03-27 15:24:44,46.4839,13.7894,57.0,58,40,10.36
94,Okhotsk,RU,2021-03-27 15:24:45,59.3833,143.3,-1.59,99,98,3.13
95,Touros,BR,2021-03-27 15:24:45,-5.1989,-35.4608,84.2,74,40,12.66
96,Mbandaka,CD,2021-03-27 15:24:45,0.0487,18.2603,87.48,50,100,3.02
97,Qaanaaq,GL,2021-03-27 15:24:46,77.484,-69.3632,-6.63,68,100,6.78
98,Tiksi,RU,2021-03-27 15:24:46,71.6872,128.8694,7.88,96,100,2.3
99,Barrow,US,2021-03-27 15:24:46,71.2906,-156.7887,-16.6,76,1,5.75
100,Makakilo City,US,2021-03-27 15:24:46,21.3469,-158.0858,73.4,78,1,5.75
101,Bluff,NZ,2021-03-27 15:24:47,-46.6,168.3333,57.99,89,75,1.01
102,Georgetown,MY,2021-03-27 15:24:47,5.4112,100.3354,84.0,89,40,6.91
103,Pevek,RU,2021-03-27 15:24:47,69.7008,170.3133,-20.92,94,98,3.98
104,Namangan,UZ,2021-03-27 15:24:48,40.9983,71.6726,59.0,72,90,9.22
105,Pangnirtung,CA,2021-03-27 15:24:48,66.1451,-65.7125,-8.19,72,32,3.38
106,Bedesa,ET,2021-03-27 15:24:48,8.9,40.7833,75.76,18,21,12.73
107,Klaksvik,FO,2021-03-27 15:24:48,62.2266,-6.589,39.2,65,75,21.85
108,Adrar,MR,2021-03-27 15:24:49,20.5022,-10.0711,94.89,4,0,11.18
109,Flin Flon,CA,2021-03-27 15:24:49,54.7682,-101.865,14.0,67,20,3.44
110,High Rock,BS,2021-03-27 15:24:49,26.6208,-78.2833,80.6,61,20,14.97
111,Pundaguitan,PH,2021-03-27 15:24:50,6.3711,126.1689,81.27,78,100,13.62
112,Kavaratti,IN,2021-03-27 15:24:50,10.5669,72.642,84.49,73,96,11.18
113,Cherskiy,RU,2021-03-27 15:24:50,68.75,161.3,-21.21,99,33,5.37
114,Kartaly,RU,2021-03-27 15:24:51,53.0522,60.6467,23.02,94,98,7.76
115,Upernavik,GL,2021-03-27 15:24:51,72.7868,-56.1549,-24.25,68,0,2.39
116,Lorengau,PG,2021-03-27 15:24:51,-2.0226,147.2712,79.72,84,98,8.19
117,Ambulu,ID,2021-03-27 15:24:51,-8.345,113.6058,77.65,89,100,3.53
118,Novovasylivka,UA,2021-03-27 15:24:52,46.8315,35.7536,47.73,67,100,9.86
119,Hilo,US,2021-03-27 15:24:52,19.7297,-155.09,66.2,68,20,5.75
120,Gamba,GA,2021-03-27 15:24:52,-2.65,10.0,82.44,69,100,5.55
121,Sioux Lookout,CA,2021-03-27 15:24:53,50.1001,-91.917,30.2,93,90,9.22
122,Tasiilaq,GL,2021-03-27 15:24:53,65.6145,-37.6368,21.2,53,90,32.21
123,Saint George,US,2021-03-27 15:21:01,37.1041,-113.5841,50.0,49,1,5.75
124,Svetlogorsk,BY,2021-03-27 15:24:53,52.6333,29.7333,52.54,53,13,1.36
125,Maniitsoq,GL,2021-03-27 15:24:54,65.4167,-52.9,-7.46,65,20,4.05
126,Hangu,CN,2021-03-27 15:24:54,39.2489,117.7892,52.0,100,75,4.47
127,Kiyasovo,RU,2021-03-27 15:24:54,56.3491,53.1244,30.07,84,45,12.44
128,Provideniya,RU,2021-03-27 15:24:55,64.3833,-173.3,-1.59,100,100,4.21
129,Fortuna,US,2021-03-27 15:24:55,40.5982,-124.1573,39.2,100,1,10.36
130,Talnakh,RU,2021-03-27 15:24:55,69.4865,88.3972,15.64,96,100,2.13
131,Kushalgarh,IN,2021-03-27 15:24:55,23.199,74.4507,91.0,12,0,4.07
132,Chandbali,IN,2021-03-27 15:24:56,20.7833,86.7667,81.25,72,26,10.98
133,Kiruna,SE,2021-03-27 15:24:56,67.8557,20.2251,37.4,87,90,11.5
134,Cape Town,ZA,2021-03-27 15:23:28,-33.9258,18.4232,68.0,49,0,23.02
135,Gasa,PS,2021-03-27 15:24:57,31.5,34.4667,63.0,53,5,10.63
136,Saint-Augustin,CA,2021-03-27 15:24:57,51.226,-58.6502,21.72,68,100,20.29
137,Svetlyy,RU,2021-03-27 15:24:57,54.675,20.1347,62.6,42,40,8.95
138,Waipawa,NZ,2021-03-27 15:24:57,-41.4122,175.5153,66.2,72,75,18.41
139,Pedra,BR,2021-03-27 15:24:58,-8.4969,-36.9408,83.59,52,98,5.84
140,Viedma,AR,2021-03-27 15:24:58,-40.8135,-62.9967,68.31,27,79,7.38
141,Taikang,CN,2021-03-27 15:24:58,46.8333,124.4167,44.2,45,4,12.19
142,Srednekolymsk,RU,2021-03-27 15:24:59,67.45,153.6833,-20.18,99,81,2.06
143,Sokoni,TZ,2021-03-27 15:24:59,-6.4333,39.55,84.2,70,75,13.8
144,Puerto Ayora,EC,2021-03-27 15:24:59,-0.7393,-90.3518,82.4,74,40,9.22
145,Honiara,SB,2021-03-27 15:24:59,-9.4333,159.95,78.26,85,97,5.68
146,Thompson,CA,2021-03-27 15:25:00,55.7435,-97.8558,8.6,85,1,4.61
147,Kodiak,US,2021-03-27 15:25:00,57.79,-152.4072,30.2,43,1,18.41
148,Ferrol,ES,2021-03-27 15:25:00,43.4832,-8.2369,60.01,75,4,13.0
149,Martapura,ID,2021-03-27 15:25:01,-3.4167,114.85,77.0,100,52,4.61
150,Gazojak,TM,2021-03-27 15:25:01,41.1875,61.4036,60.76,33,96,8.88
151,Basco,PH,2021-03-27 15:25:01,20.4487,121.9702,78.89,86,11,15.82
152,Mareeba,AU,2021-03-27 15:25:02,-17.0,145.4333,75.99,94,90,10.36
153,Phan Thiet,VN,2021-03-27 15:25:02,10.9333,108.1,77.7,88,96,11.97
154,Nantucket,US,2021-03-27 15:25:02,41.2835,-70.0995,53.6,66,1,9.22
155,Salinopolis,BR,2021-03-27 15:22:17,-0.6136,-47.3561,79.7,78,88,5.64
156,Canakkale,TR,2021-03-27 15:25:03,40.0833,26.8333,55.4,50,20,9.22
157,Komsomolskiy,UZ,2021-03-27 15:25:04,40.4272,71.7189,59.0,72,90,9.22
158,Lebu,CL,2021-03-27 15:25:05,-37.6167,-73.65,59.63,65,91,18.41
159,Torbay,CA,2021-03-27 15:25:05,47.6666,-52.7314,30.99,100,90,32.21
160,Salalah,OM,2021-03-27 15:20:55,17.0151,54.0924,84.2,54,0,5.75
161,Sibolga,ID,2021-03-27 15:25:06,1.7427,98.7792,76.57,93,100,4.76
162,Kathu,TH,2021-03-27 15:25:06,7.9178,98.3332,89.01,83,40,2.3
163,Bethel,US,2021-03-27 15:25:06,41.3712,-73.414,57.99,41,1,3.44
164,Vallenar,CL,2021-03-27 15:25:05,-28.5708,-70.7581,76.96,35,0,5.46
165,Serebryansk,KZ,2021-03-27 15:25:07,49.6925,83.2892,35.6,87,90,11.18
166,Mgandu,TZ,2021-03-27 15:25:07,-5.95,34.1333,64.65,83,99,4.97
167,Hofn,IS,2021-03-27 15:25:07,64.2539,-15.2082,24.46,69,100,15.39
168,San Cristobal,VE,2021-03-27 15:25:07,7.7669,-72.225,75.2,100,75,4.61
169,Grand Gaube,MU,2021-03-27 15:25:08,-20.0064,57.6608,81.0,78,28,4.56
170,Vanavara,RU,2021-03-27 15:25:08,60.34,102.2797,18.21,95,88,6.02
171,Biak,ID,2021-03-27 15:25:08,-0.9131,122.8766,77.05,86,100,4.54
172,Mandera,KE,2021-03-27 15:20:22,3.9366,41.867,95.29,19,100,7.23
173,Airai,TL,2021-03-27 15:25:09,-8.9266,125.4092,60.49,94,100,2.17
174,Kapaa,US,2021-03-27 15:25:09,22.0752,-159.319,73.4,78,20,14.97
175,Khani,GE,2021-03-27 15:25:09,41.9563,42.9566,42.8,81,75,17.27
176,Ukiah,US,2021-03-27 15:25:10,39.1502,-123.2078,46.0,81,1,3.44
177,Albury,AU,2021-03-27 15:25:10,-36.0833,146.9167,52.0,100,23,1.9
178,Barra Do Garcas,BR,2021-03-27 15:25:10,-15.89,-52.2567,91.4,35,20,4.61
179,Santiago Del Estero,AR,2021-03-27 15:25:11,-27.7951,-64.2615,71.38,33,75,18.05
180,Ciudad Bolivar,VE,2021-03-27 15:25:11,8.1222,-63.5497,88.56,46,91,11.45
181,Valleyview,CA,2021-03-27 15:25:11,55.0667,-117.2859,30.2,93,100,6.91
182,Grenville,GD,2021-03-27 15:25:12,12.1167,-61.6167,84.2,65,20,25.32
183,Tototlan,MX,2021-03-27 15:25:12,20.55,-102.8,60.8,23,1,1.83
184,Wagar,SD,2021-03-27 15:25:12,16.1525,36.2032,92.95,24,2,20.27
185,Sivas,TR,2021-03-27 15:25:13,39.7916,37.0019,26.6,86,75,9.22
186,Dali,CN,2021-03-27 15:25:13,25.7,100.1833,54.64,31,0,5.93
187,Rovaniemi,FI,2021-03-27 15:25:13,66.5,25.7167,39.2,81,90,14.97
188,Erie,US,2021-03-27 15:22:58,42.7667,-78.6664,45.0,99,99,3.89
189,Kloulklubed,PW,2021-03-27 15:25:14,7.0419,134.2556,77.0,94,75,14.76
190,Rumonge,BI,2021-03-27 15:25:14,-3.9736,29.4386,76.55,71,36,3.15
191,Solnechnyy,RU,2021-03-27 15:25:14,50.7214,136.6319,26.22,93,97,2.06
192,Tatarsk,RU,2021-03-27 15:25:14,55.219,75.9828,24.33,97,100,4.5
193,Snasa,NO,2021-03-27 15:25:15,64.2457,12.3778,37.58,99,100,1.14
194,Kosonsoy,UZ,2021-03-27 15:25:15,41.2561,71.5508,59.0,72,90,9.22
195,Wanaka,NZ,2021-03-27 15:22:32,-44.7,169.15,55.33,95,96,1.63
196,Lukovo,MK,2021-03-27 15:25:15,41.3494,20.6047,51.8,43,0,3.44
197,Sibu,MY,2021-03-27 15:25:16,2.3,111.8167,78.8,89,40,1.21
198,Wajir,KE,2021-03-27 15:25:16,1.7471,40.0573,98.6,28,75,7.74
199,Kaitangata,NZ,2021-03-27 15:25:16,-46.2817,169.8464,60.01,76,10,5.19
200,Coquimbo,CL,2021-03-27 15:24:25,-29.9533,-71.3436,60.8,82,40,13.8
201,Fare,PF,2021-03-27 15:25:17,-16.7,-151.0167,82.76,72,68,23.47
202,Bulgan,MN,2021-03-27 15:24:15,48.8125,103.5347,23.99,77,97,3.42
203,Pascagoula,US,2021-03-27 15:22:09,30.3658,-88.5561,79.0,83,40,14.97
204,Saskylakh,RU,2021-03-27 15:25:17,71.9167,114.0833,-12.86,100,99,1.79
205,Ponta Do Sol,PT,2021-03-27 15:25:17,32.6667,-17.1,59.0,61,100,10.0
206,Nago,JP,2021-03-27 15:25:18,26.5881,127.9761,73.4,83,75,12.66
207,Kaka,TM,2021-03-27 15:25:18,37.3482,59.6143,63.9,63,16,5.75
208,Hovd,MN,2021-03-27 15:25:18,48.0056,91.6419,31.14,28,100,2.3
209,Bambanglipuro,ID,2021-03-27 15:25:19,-7.95,110.2833,78.39,87,99,3.49
210,Alofi,NU,2021-03-27 15:25:19,-19.0595,-169.9187,78.8,89,14,8.05
211,Carnarvon,AU,2021-03-27 15:25:19,-24.8667,113.6333,78.8,73,1,10.36
212,Lyngdal,NO,2021-03-27 15:25:20,58.1376,7.07,46.99,85,12,12.57
213,Otane,NZ,2021-03-27 15:25:20,-39.8833,176.6333,57.99,77,98,2.35
214,Amarante Do Maranhao,BR,2021-03-27 15:25:20,-5.5667,-46.7422,78.06,76,100,2.77
215,Tera,NE,2021-03-27 15:25:21,14.0078,0.7531,98.42,6,24,15.39
216,Faanui,PF,2021-03-27 15:25:21,-16.4833,-151.75,82.47,72,32,22.21
217,Geraldton,AU,2021-03-27 15:25:21,-28.7667,114.6,68.0,73,3,10.36
218,Kostomuksha,RU,2021-03-27 15:25:22,64.571,30.5767,37.04,87,99,12.26
219,Tommot,RU,2021-03-27 15:25:22,58.9564,126.2925,26.62,92,100,6.13
220,Anahuac,MX,2021-03-27 15:25:22,27.2333,-100.15,73.4,78,20,9.22
221,Marsh Harbour,BS,2021-03-27 15:25:22,26.5412,-77.0636,76.86,75,11,16.58
222,Mocuba,MZ,2021-03-27 15:25:23,-16.8392,36.9856,82.76,76,16,3.96
223,Bambous Virieux,MU,2021-03-27 15:25:23,-20.3428,57.7575,81.0,94,75,3.44
224,Onufriyivka,UA,2021-03-27 15:25:23,48.9072,33.4487,46.65,67,91,6.87
225,Villiers,ZA,2021-03-27 15:25:24,-27.0303,28.6006,72.46,32,65,8.81
226,Lagoa,PT,2021-03-27 15:25:24,39.05,-27.9833,58.41,83,99,13.31
227,Surt,LY,2021-03-27 15:25:24,31.2089,16.5887,61.93,50,2,8.48
228,Awbari,LY,2021-03-27 15:25:25,26.5921,12.7805,71.6,17,0,11.7
229,Sungaipenuh,ID,2021-03-27 15:25:25,-2.0833,101.3833,66.18,92,100,2.04
230,Kamenka,RU,2021-03-27 15:25:25,51.3223,42.7678,32.94,99,100,6.53
231,Fostoria,US,2021-03-27 15:25:25,41.157,-83.4169,50.0,88,95,5.99
232,Westport,US,2021-03-27 15:25:26,41.1415,-73.3579,60.01,50,1,11.5
233,Flinders,AU,2021-03-27 15:25:26,-34.5833,150.8552,64.0,76,37,4.0
234,Kieta,PG,2021-03-27 15:25:26,-6.2167,155.6333,78.64,86,100,5.3
235,Nikolskoye,RU,2021-03-27 15:25:27,59.7035,30.7861,50.0,53,0,4.47
236,Seydi,TM,2021-03-27 15:25:27,39.4816,62.9137,67.55,44,54,11.18
237,Prince Rupert,CA,2021-03-27 15:25:27,54.3161,-130.3201,42.8,93,90,16.11
238,Abu Zabad,SD,2021-03-27 15:25:28,12.35,29.25,93.36,9,30,13.09
239,Siirt,TR,2021-03-27 15:25:28,37.9326,41.9403,42.24,59,64,3.56
240,Norrkoping,SE,2021-03-27 15:25:28,58.5942,16.1826,55.4,66,75,11.5
241,Goure,NE,2021-03-27 15:25:28,13.9835,10.2704,86.0,10,85,10.0
242,Yuanping,CN,2021-03-27 15:25:29,38.7153,112.7575,55.65,34,98,4.41
243,Diffa,NE,2021-03-27 15:25:29,13.3154,12.6113,89.13,9,2,18.01
244,Norman Wells,CA,2021-03-27 15:25:29,65.282,-126.8329,6.8,78,75,11.5
245,Kigali,RW,2021-03-27 15:25:30,-1.95,30.0588,77.0,53,40,5.75
246,Maningrida,AU,2021-03-27 15:25:30,-12.0667,134.2667,78.58,86,100,8.72
247,Rafaela,AR,2021-03-27 15:25:30,-31.2503,-61.4867,70.0,60,3,5.01
248,Isla Mujeres,MX,2021-03-27 15:25:30,21.2311,-86.731,84.2,65,40,17.27
249,Lunenburg,CA,2021-03-27 15:23:44,44.3835,-64.3155,36.0,75,94,29.93
250,Severo-Kurilsk,RU,2021-03-27 15:25:31,50.6789,156.125,26.13,83,100,32.55
251,Kudymkar,RU,2021-03-27 15:25:31,59.0173,54.656,26.73,82,16,9.44
252,Katsuura,JP,2021-03-27 15:25:31,35.1333,140.3,61.0,72,75,10.36
253,Mackay,AU,2021-03-27 15:25:32,-21.15,149.2,71.6,88,1,4.61
254,Abu Dhabi,AE,2021-03-27 15:21:40,24.4667,54.3667,91.4,30,0,3.44
255,Lokosovo,RU,2021-03-27 15:25:32,61.1333,74.8167,26.42,96,100,9.06
256,Palmer,US,2021-03-27 15:25:33,42.1584,-72.3287,55.0,40,20,5.75
257,Maragogi,BR,2021-03-27 15:25:33,-9.0122,-35.2225,83.28,68,71,9.57
258,Tari,NG,2021-03-27 15:25:33,12.4086,4.4914,99.12,7,27,15.7
259,San Andres,CO,2021-03-27 15:25:33,12.5847,-81.7006,84.2,65,20,13.8
260,Kangaatsiaq,GL,2021-03-27 15:25:34,68.3065,-53.4641,-10.75,79,100,4.68
261,Grants Pass,US,2021-03-27 15:25:34,42.439,-123.3284,42.8,93,90,1.3
262,Dongobesh,TZ,2021-03-27 15:25:34,-4.0667,35.3833,58.84,94,95,1.95
263,Manchar,IN,2021-03-27 15:25:35,19.0,73.9333,86.13,14,1,9.42
264,Eyl,SO,2021-03-27 15:25:35,7.9803,49.8164,81.28,69,73,14.65
265,Port Hardy,CA,2021-03-27 15:25:35,50.6996,-127.4199,44.6,93,90,2.3
266,Port Augusta,AU,2021-03-27 15:25:36,-32.5,137.7667,57.2,82,6,5.75
267,Dubbo,AU,2021-03-27 15:25:36,-32.25,148.6167,55.4,88,40,3.44
268,Kununurra,AU,2021-03-27 15:25:36,-15.7667,128.7333,78.8,100,96,2.71
269,San Quintin,MX,2021-03-27 15:25:37,30.4833,-115.95,57.78,59,0,3.11
270,Abu Samrah,SY,2021-03-27 15:25:37,35.3029,37.1841,51.33,41,38,13.44
271,Cidreira,BR,2021-03-27 15:20:45,-30.1811,-50.2056,78.84,69,96,6.24
272,Forbes,AU,2021-03-27 15:25:37,-33.3833,148.0167,59.0,78,40,4.83
273,Bengkulu,ID,2021-03-27 15:24:57,-3.8004,102.2655,77.81,88,100,5.06
274,Gombong,ID,2021-03-27 15:25:38,-7.6072,109.5142,77.83,90,100,1.23
275,Pionerskiy,RU,2021-03-27 15:25:38,54.9508,20.2275,62.6,42,40,8.95
276,Fort Nelson,CA,2021-03-27 15:25:38,58.8053,-122.7002,23.0,74,75,6.91
277,Rosarito,MX,2021-03-27 15:25:39,32.3333,-117.0333,50.0,81,1,5.75
278,Cabo San Lucas,MX,2021-03-27 15:25:39,22.8909,-109.9124,66.99,55,1,6.15
279,Yar-Sale,RU,2021-03-27 15:25:39,66.8333,70.8333,-1.41,95,16,9.98
280,Kirakira,SB,2021-03-27 15:25:39,-10.4544,161.9205,80.26,84,92,8.25
281,Road Town,VG,2021-03-27 15:25:40,18.4167,-64.6167,84.2,58,40,14.97
282,Suntar,RU,2021-03-27 15:25:40,62.1444,117.6319,13.35,93,85,5.19
283,Bud,US,2021-03-27 15:25:40,39.447,-86.1758,57.2,72,1,11.5
284,Marsala,IT,2021-03-27 15:25:41,37.7966,12.4352,64.4,68,20,20.71
285,Coihaique,CL,2021-03-27 15:25:41,-45.5752,-72.0662,60.8,55,75,4.61
286,Kasongo-Lunda,CD,2021-03-27 15:25:41,-6.4667,16.8167,84.76,59,80,4.68
287,Esperance,AU,2021-03-27 15:25:41,-33.8667,121.9,62.6,77,100,10.36
288,Faya,SA,2021-03-27 15:25:42,18.3851,42.4509,73.4,43,0,11.5
289,Chuguyevka,RU,2021-03-27 15:25:42,44.1653,133.8633,33.49,93,100,4.65
290,Forrest City,US,2021-03-27 15:25:42,35.0081,-90.7898,66.99,94,90,6.91
291,Nagato,JP,2021-03-27 15:25:43,34.3833,131.2,60.8,72,90,20.71
292,Hay River,CA,2021-03-27 15:25:43,60.8156,-115.7999,5.0,66,70,8.05
293,Mahebourg,MU,2021-03-27 15:25:43,-20.4081,57.7,77.0,94,75,3.44
294,Verkh-Usugli,RU,2021-03-27 15:25:44,52.7,115.1667,25.63,91,100,6.02
295,Nansio,TZ,2021-03-27 15:25:44,-2.1333,33.05,75.2,69,20,14.0
296,Puerto Ayacucho,VE,2021-03-27 15:25:44,5.6639,-67.6236,84.7,63,97,3.47
297,Nortelandia,BR,2021-03-27 15:25:44,-14.4547,-56.8028,88.0,51,17,5.37
298,Moura,PT,2021-03-27 15:25:45,38.1401,-7.4486,73.4,31,0,5.75
299,Te Anau,NZ,2021-03-27 15:25:45,-45.4167,167.7167,57.85,92,100,2.08
300,Magaria,NE,2021-03-27 15:25:45,12.9983,8.9099,91.72,7,6,13.71
301,Husavik,IS,2021-03-27 15:25:46,66.0449,-17.3389,19.4,45,0,3.44
302,Gaya,IN,2021-03-27 15:22:06,24.7833,85.0,75.2,46,0,5.68
303,Glace Bay,CA,2021-03-27 15:22:11,46.1969,-59.957,30.99,100,90,26.46
304,Wainwright,CA,2021-03-27 15:25:46,52.839,-110.8572,28.4,100,97,3.44
305,Kitimat,CA,2021-03-27 15:25:46,54.0524,-128.6534,41.0,96,100,1.01
306,Kazachinskoye,RU,2021-03-27 15:25:47,57.6953,93.2761,29.01,93,100,5.64
307,Magadan,RU,2021-03-27 15:25:47,59.5667,150.8,-4.18,99,85,4.21
308,Lata,PT,2021-03-27 15:25:47,40.1629,-8.3327,73.99,43,100,3.22
309,Mayumba,GA,2021-03-27 15:25:48,-3.432,10.6554,83.17,73,100,8.48
310,Belmonte,BR,2021-03-27 15:25:48,-15.8631,-38.8828,84.2,61,40,12.66
311,Bathsheba,BB,2021-03-27 15:25:48,13.2167,-59.5167,84.2,54,40,21.85
312,Vyartsilya,RU,2021-03-27 15:25:48,62.1764,30.693,35.46,93,100,7.23
313,Half Moon Bay,US,2021-03-27 15:25:49,37.4636,-122.4286,52.0,76,1,1.07
314,Rocha,UY,2021-03-27 15:25:49,-34.4833,-54.3333,76.87,73,42,3.13
315,Labuhan,ID,2021-03-27 15:25:49,-6.8844,112.2051,80.6,81,85,4.41
316,Henties Bay,NA,2021-03-27 15:25:50,-22.116,14.2845,66.0,87,4,10.0
317,Kyabe,TD,2021-03-27 15:25:50,9.4515,18.9449,100.2,21,12,5.86
318,Valparaiso,CL,2021-03-27 15:25:50,-33.0393,-71.6273,69.8,46,0,4.61
319,Riverton,US,2021-03-27 15:25:11,40.5219,-111.9391,42.01,70,1,0.51
320,Aksarka,RU,2021-03-27 15:25:51,66.5606,67.7975,-1.39,98,16,2.37
321,Pisco,PE,2021-03-27 15:25:51,-13.7,-76.2167,71.6,78,16,8.05
322,Antsohihy,MG,2021-03-27 15:25:51,-14.8796,47.9875,76.15,92,95,4.12
323,Goderich,CA,2021-03-27 15:25:52,43.7501,-81.7165,35.6,93,7,5.75
324,Hamilton,US,2021-03-27 15:25:52,39.1834,-84.5333,57.99,76,75,9.22
325,Seoul,KR,2021-03-27 15:21:12,37.5683,126.9778,55.4,94,90,2.3
326,Stokmarknes,NO,2021-03-27 15:25:52,68.5646,14.9108,39.99,88,100,8.01
327,Matagami,CA,2021-03-27 15:25:53,49.7502,-77.6328,24.8,58,1,3.44
328,Skaelskor,DK,2021-03-27 15:25:53,55.2506,11.2935,46.0,78,100,10.0
329,Waingapu,ID,2021-03-27 15:25:53,-9.6567,120.2641,79.16,84,100,4.47
330,Berlevag,NO,2021-03-27 15:25:54,70.8578,29.0864,38.03,88,99,23.06
331,Akdepe,TM,2021-03-27 15:25:54,42.0551,59.3788,59.0,41,0,6.91
332,Priiskovyy,RU,2021-03-27 15:25:54,51.9333,116.6333,30.09,95,100,10.16
333,Dingli,MT,2021-03-27 15:25:54,35.8614,14.3822,62.6,63,0,12.66
334,Redcliffe,AU,2021-03-27 15:25:55,-27.2307,153.0973,69.8,83,0,4.61
335,Rawson,AR,2021-03-27 15:25:55,-43.3002,-65.1023,72.84,19,7,22.28
336,College,US,2021-03-27 15:25:55,64.8569,-147.8028,15.8,73,90,3.44
337,Ancud,CL,2021-03-27 15:25:56,-41.8697,-73.8203,64.99,100,40,4.61
338,Lesosibirsk,RU,2021-03-27 15:25:56,58.2358,92.4828,29.05,97,100,5.93
339,Saint-Pierre,RE,2021-03-27 15:25:56,-21.3393,55.4781,78.8,89,75,6.91
340,Alberton,CA,2021-03-27 15:25:57,46.8168,-64.0654,28.4,86,100,2.3
341,Chicama,PE,2021-03-27 15:25:57,-7.8447,-79.1469,71.6,83,99,8.05
342,Gat,IL,2021-03-27 15:25:57,31.61,34.7642,63.0,53,8,11.21
343,Kiunga,PG,2021-03-27 15:25:57,-6.1219,141.2906,73.99,95,100,1.48
344,Saint-Philippe,RE,2021-03-27 15:25:58,-21.3585,55.7679,78.8,89,75,6.91
345,Kishi,NG,2021-03-27 15:25:58,9.0833,3.85,99.88,15,10,10.27
346,Bijar,IR,2021-03-27 15:25:58,35.8668,47.6051,37.08,39,3,21.5
347,Poum,NC,2021-03-27 15:21:18,-20.2333,164.0167,80.4,74,80,10.67
348,Montepuez,MZ,2021-03-27 15:25:59,-13.1256,38.9997,74.61,90,60,0.63
349,Uvira,CD,2021-03-27 15:25:59,-3.4067,29.1458,76.17,78,57,3.11
350,Codrington,AU,2021-03-27 15:25:59,-38.2667,141.9667,53.44,86,77,7.36
351,Luncavita,RO,2021-03-27 15:26:00,45.2833,28.2667,61.0,25,0,9.22
352,Maceio,BR,2021-03-27 15:26:00,-9.6658,-35.7353,78.8,94,75,12.66
353,Denpasar,ID,2021-03-27 15:25:16,-8.65,115.2167,82.4,89,20,2.3
354,Xunchang,CN,2021-03-27 15:26:00,28.4543,104.715,65.8,59,95,1.23
355,Prado,BR,2021-03-27 15:25:22,-17.3411,-39.2208,85.03,54,0,8.63
356,Sotouboua,TG,2021-03-27 15:26:01,8.5667,0.9833,91.4,52,75,2.3
357,Imbituba,BR,2021-03-27 15:26:01,-28.24,-48.6703,84.2,58,0,10.36
358,Port Hedland,AU,2021-03-27 15:26:01,-20.3167,118.5667,82.4,83,0,6.91
359,Liberty,US,2021-03-27 15:24:17,31.8335,-81.5004,79.0,83,1,3.44
360,Pangody,RU,2021-03-27 15:26:02,65.85,74.4859,3.31,96,95,12.59
361,Devarkonda,IN,2021-03-27 15:26:02,16.7,78.9333,90.34,19,7,9.22
362,Mount Isa,AU,2021-03-27 15:26:02,-20.7333,139.5,77.0,33,0,8.05
363,Skjervoy,NO,2021-03-27 15:22:11,70.0311,20.9714,40.91,77,100,8.16
364,Lubao,PH,2021-03-27 15:26:03,14.9167,120.55,80.6,74,75,2.3
365,Eureka,US,2021-03-27 15:25:24,40.8021,-124.1637,39.2,100,1,3.44
366,Broome,US,2021-03-27 15:26:03,42.2506,-75.833,46.0,87,90,5.75
367,Binzhou,CN,2021-03-27 15:26:03,37.3667,118.0167,55.0,82,0,7.0
368,Madimba,TZ,2021-03-27 15:26:04,-10.4,40.3333,73.4,94,75,10.36
369,Ayagoz,KZ,2021-03-27 15:26:04,47.9714,80.4392,36.43,99,100,2.44
370,Pakxan,LA,2021-03-27 15:26:04,18.3778,103.6601,83.91,51,80,1.5
371,Santa Cecilia,BR,2021-03-27 15:26:05,-26.9608,-50.4269,80.85,40,89,3.47
372,Saiha,IN,2021-03-27 15:26:05,22.4833,92.9667,69.91,26,69,3.06
373,Kyren,RU,2021-03-27 15:26:05,51.6828,102.1408,20.62,93,78,3.02
374,Novopskov,UA,2021-03-27 15:26:06,49.5464,39.0899,39.4,96,100,7.92
375,Rio Gallegos,AR,2021-03-27 15:21:36,-51.6226,-69.2181,60.8,55,75,13.8
376,Teya,RU,2021-03-27 15:26:06,60.3778,92.6267,29.21,94,100,6.93
377,Luebo,CD,2021-03-27 15:26:06,-5.35,21.4167,81.12,70,78,1.25
378,Grand-Santi,GF,2021-03-27 15:26:07,4.25,-54.3833,86.18,58,76,5.26
379,Sao Filipe,CV,2021-03-27 15:26:07,14.8961,-24.4956,71.04,73,3,12.3
380,Qingdao,CN,2021-03-27 15:26:07,36.0986,120.3719,51.01,87,40,2.24
381,Naryan-Mar,RU,2021-03-27 15:26:07,67.6713,53.087,22.98,86,65,13.76
382,Narsaq,GL,2021-03-27 15:26:08,60.9167,-46.05,8.6,43,20,1.14
383,Tagusao,PH,2021-03-27 15:26:08,9.1924,117.8141,79.48,82,8,3.42
384,Bartica,GY,2021-03-27 15:26:09,6.4,-58.6167,80.6,83,75,6.91
385,Kamaishi,JP,2021-03-27 15:26:09,39.2667,141.8833,43.93,75,98,7.54
386,Mchinji,MW,2021-03-27 15:26:09,-13.7984,32.8802,71.73,83,7,2.71
387,Hailar,CN,2021-03-27 15:26:09,49.2,119.7,45.52,39,97,21.77
388,Cooma,AU,2021-03-27 15:26:10,-36.2333,149.1333,44.6,100,90,0.56
389,Dunedin,NZ,2021-03-27 15:22:20,-45.8742,170.5036,62.01,70,93,1.99
390,Yulara,AU,2021-03-27 15:26:10,-25.2406,130.9889,75.2,69,99,5.75
391,Talaya,RU,2021-03-27 15:26:10,61.3833,152.75,-17.14,96,92,3.42
392,Isangel,VU,2021-03-27 15:26:11,-19.55,169.2667,77.05,88,5,6.17
393,Pestretsy,RU,2021-03-27 15:26:11,55.7531,49.6545,37.4,60,0,15.66
394,Balabac,PH,2021-03-27 15:26:11,7.9868,117.0645,81.84,77,6,8.84
395,Tangzhai,CN,2021-03-27 15:26:12,34.4328,116.5911,57.99,89,95,1.01
396,Karratha,AU,2021-03-27 15:26:12,-20.7377,116.8463,83.61,66,94,9.15
397,Emmen,NL,2021-03-27 15:26:12,52.7792,6.9069,45.0,87,99,12.66
398,Hobyo,SO,2021-03-27 15:26:13,5.3505,48.5268,81.79,73,22,15.52
399,Nueva Loja,EC,2021-03-27 15:26:13,0.0847,-76.8828,78.8,83,75,1.14
400,Monaco-Ville,FR,2021-03-27 15:26:13,43.731,7.4248,64.99,82,20,13.8
401,Vao,NC,2021-03-27 15:26:13,-22.6667,167.4833,77.79,79,4,11.83
402,Kuna,US,2021-03-27 15:26:14,43.4918,-116.4201,41.0,100,1,1.66
403,Marystown,CA,2021-03-27 15:26:14,47.1666,-55.1483,31.33,91,100,34.45
404,Barrancas,CO,2021-03-27 15:22:51,10.9576,-72.7877,86.23,47,24,7.67
405,Berea,US,2021-03-27 15:26:06,41.3662,-81.8543,52.0,71,40,3.44
406,Kavieng,PG,2021-03-27 15:26:15,-2.5744,150.7967,80.78,82,90,12.86
407,Luderitz,NA,2021-03-27 15:26:15,-26.6481,15.1594,71.76,59,0,22.64
408,Susehri,TR,2021-03-27 15:26:15,40.1644,38.0867,30.07,87,68,3.6
409,Jiexiu,CN,2021-03-27 15:26:16,37.0244,111.9125,57.06,35,20,8.59
410,Noumea,NC,2021-03-27 15:25:14,-22.2763,166.4572,73.4,94,0,3.44
411,Broken Hill,AU,2021-03-27 15:26:16,-31.95,141.4333,59.0,63,39,4.61
412,Riviere-Au-Renard,CA,2021-03-27 15:26:16,48.9957,-64.3971,23.0,63,90,9.22
413,Thongwa,MM,2021-03-27 15:26:17,16.7619,96.5278,84.2,74,49,9.22
414,Ust-Maya,RU,2021-03-27 15:26:17,60.4167,134.5333,23.25,96,100,4.34
415,Kathmandu,NP,2021-03-27 15:26:17,27.7167,85.3167,62.6,55,20,4.61
416,San Francisco,US,2021-03-27 15:21:50,37.7749,-122.4194,53.01,71,1,5.75
417,Xichang,CN,2021-03-27 15:26:18,27.8964,102.2634,59.65,55,87,5.39
418,Basoko,CD,2021-03-27 15:26:18,1.2391,23.616,91.58,41,31,2.08
419,Kuminskiy,RU,2021-03-27 15:26:18,58.6667,66.5667,29.8,96,99,6.91
420,Jiaonan,CN,2021-03-27 15:26:18,35.8786,119.9753,51.01,87,40,2.24
421,Dingle,PH,2021-03-27 15:26:19,10.9995,122.6711,77.22,84,23,6.85
422,Manicore,BR,2021-03-27 15:26:19,-5.8092,-61.3003,80.6,83,20,4.61
423,Ketchikan,US,2021-03-27 15:26:19,55.3422,-131.6461,42.8,100,90,16.11
424,Qandala,SO,2021-03-27 15:26:20,11.472,49.8728,80.1,70,37,4.81
425,Olga,RU,2021-03-27 15:26:20,43.7444,135.2892,36.23,92,100,4.23
426,Clarence Town,AU,2021-03-27 15:26:20,-32.5833,151.7833,64.0,94,6,5.75
427,San Patricio,US,2021-03-27 15:26:21,28.017,-97.5169,75.0,94,90,13.8
428,Karachi,PK,2021-03-27 15:22:15,24.9056,67.0822,84.2,45,10,9.22
429,Atar,MR,2021-03-27 15:26:21,20.5169,-13.0499,99.21,5,0,9.1
430,Houma,US,2021-03-27 15:26:21,29.5958,-90.7195,79.0,88,75,14.97
431,Tevaitoa,PF,2021-03-27 15:26:22,-16.7833,-151.5,82.29,72,11,22.37
432,Sinnamary,GF,2021-03-27 15:26:22,5.3833,-52.95,80.58,80,61,10.38
433,Bonaventure,CA,2021-03-27 15:26:22,48.0457,-65.4926,30.2,59,100,4.61
434,Ponta Delgada,PT,2021-03-27 15:25:48,37.7333,-25.6667,60.8,67,20,9.22
435,Pustoshka,RU,2021-03-27 15:26:23,56.3355,29.369,44.82,83,38,5.91
436,Tigil,RU,2021-03-27 15:26:23,57.8,158.6667,-2.15,96,100,5.75
437,Alugan,PH,2021-03-27 15:26:23,12.2188,125.4808,79.81,83,74,9.46
438,Qaqortoq,GL,2021-03-27 15:26:24,60.7167,-46.0333,8.6,43,20,1.14
439,Mama,RU,2021-03-27 15:26:24,58.3106,112.8986,9.41,97,57,1.95
440,Dogondoutchi,NE,2021-03-27 15:26:24,13.6393,4.0287,97.74,5,67,15.61
441,Mangan,IN,2021-03-27 15:26:25,27.5167,88.5333,66.25,32,0,6.64
442,Anadyr,RU,2021-03-27 15:26:25,64.75,177.4833,-5.8,84,0,4.47
443,Watsa,CD,2021-03-27 15:26:25,3.0372,29.5355,69.35,80,100,11.39
444,Mount Hagen,PG,2021-03-27 15:26:25,-5.8581,144.2274,59.34,98,100,1.61
445,Vigrestad,NO,2021-03-27 15:26:26,58.5667,5.7,46.0,74,3,1.99
446,Lethem,GY,2021-03-27 15:26:26,3.3803,-59.7968,88.18,50,62,12.21
447,Hattiesburg,US,2021-03-27 15:26:26,31.3271,-89.2903,79.0,73,75,13.8
448,Port Lincoln,AU,2021-03-27 15:26:27,-34.7333,135.8667,58.91,75,1,4.29
449,Avera,US,2021-03-27 15:26:27,33.194,-82.5271,75.99,75,90,5.75
450,Birao,CF,2021-03-27 15:24:27,10.2849,22.7882,98.71,7,67,11.14
451,Sindor,RU,2021-03-27 15:26:27,62.8629,51.8905,23.29,92,14,2.89
452,Ambilobe,MG,2021-03-27 15:26:28,-13.2,49.05,76.08,90,100,2.89
453,Girua,BR,2021-03-27 15:26:28,-28.0283,-54.3497,70.0,100,75,3.44
454,Peniche,PT,2021-03-27 15:26:28,39.3558,-9.3811,66.99,57,100,8.01
455,Hambantota,LK,2021-03-27 15:26:28,6.1241,81.1185,78.8,94,40,3.44
456,Pyapon,MM,2021-03-27 15:26:29,16.2833,95.6833,83.8,56,38,9.19
457,Lala,PH,2021-03-27 15:26:29,7.9745,123.7458,76.64,85,100,2.33
458,Katherine,AU,2021-03-27 15:26:29,-14.4667,132.2667,78.8,83,33,5.75
459,Merauke,ID,2021-03-27 15:26:30,-8.4667,140.3333,79.48,86,99,9.17
460,Vikevag,NO,2021-03-27 15:26:30,59.0976,5.6969,46.4,66,75,11.5
461,Jaciara,BR,2021-03-27 15:25:46,-15.9653,-54.9683,87.87,45,7,4.94
462,Nhamunda,BR,2021-03-27 15:26:30,-2.1861,-56.7131,85.26,65,93,5.28
463,Pacific Grove,US,2021-03-27 15:26:31,36.6177,-121.9166,51.01,66,1,3.44
464,Pucara,PE,2021-03-27 15:26:31,-15.9803,-71.4606,68.0,26,0,8.05
465,Laguna,US,2021-03-27 15:26:31,38.421,-121.4238,52.0,76,1,3.18
466,Mehamn,NO,2021-03-27 15:26:31,71.0357,27.8492,37.87,88,100,18.97
467,Parva,RO,2021-03-27 15:26:32,47.4,24.55,48.11,66,58,2.89
468,Baykit,RU,2021-03-27 15:26:32,61.67,96.37,27.09,97,100,4.03
469,Kahului,US,2021-03-27 15:26:32,20.8947,-156.47,69.8,88,1,11.5
470,Puerto Escondido,MX,2021-03-27 15:26:33,15.85,-97.0667,78.8,100,1,4.61
471,New Ulm,US,2021-03-27 15:22:28,44.3125,-94.4605,41.0,93,75,2.95
472,Oranjemund,NA,2021-03-27 15:26:33,-28.55,16.4333,67.1,76,0,21.77
473,Sao Paulo De Olivenca,BR,2021-03-27 15:26:33,-3.3783,-68.8725,83.35,72,84,2.73
474,Vestmanna,FO,2021-03-27 15:26:34,62.1564,-7.1664,39.2,65,75,21.85
475,Talcahuano,CL,2021-03-27 15:26:34,-36.7167,-73.1167,64.4,52,0,11.5
476,Batemans Bay,AU,2021-03-27 15:26:34,-35.7167,150.1833,57.99,86,13,1.01
477,Grindavik,IS,2021-03-27 15:26:34,63.8424,-22.4338,28.4,54,90,36.82
478,Itoman,JP,2021-03-27 15:26:35,26.1247,127.6694,73.4,88,75,17.27
479,Portland,US,2021-03-27 15:26:02,45.5234,-122.6762,43.0,75,75,1.36
480,Marau,BR,2021-03-27 15:26:35,-28.4492,-52.2,67.64,96,100,4.16
481,Kupang,ID,2021-03-27 15:26:35,-10.1667,123.5833,79.92,84,100,8.75
482,Asau,RO,2021-03-27 15:26:36,46.4333,26.4,55.99,26,8,3.76
483,Florida,US,2021-03-27 15:26:36,28.7505,-82.5001,84.99,61,1,3.44
484,Boa Vista,BR,2021-03-27 15:26:36,2.8197,-60.6733,87.8,55,75,17.27
485,Leningradskiy,RU,2021-03-27 15:26:37,69.3833,178.4167,-19.91,91,20,6.51
486,Kosh-Agach,RU,2021-03-27 15:26:37,50.0,88.6667,12.42,67,87,4.34
487,Port Moresby,PG,2021-03-27 15:25:15,-9.4431,147.1797,78.8,100,75,4.61
488,Semey,KZ,2021-03-27 15:26:37,50.4111,80.2275,35.6,87,90,8.95
489,Meulaboh,ID,2021-03-27 15:26:38,4.1363,96.1285,76.12,94,100,5.88
490,Vostok,RU,2021-03-27 15:26:38,46.4856,135.8833,33.19,98,100,4.52
491,Yantai,CN,2021-03-27 15:26:38,37.5333,121.4,42.84,91,100,9.71
492,Zhigansk,RU,2021-03-27 15:26:38,66.7697,123.3711,10.98,96,99,5.08
493,Towson,US,2021-03-27 15:26:25,39.4015,-76.6019,64.99,67,1,10.36
494,Mayenne,FR,2021-03-27 15:24:05,48.3333,-0.6667,53.6,58,90,6.91
495,High Level,CA,2021-03-27 15:26:39,58.5169,-117.136,17.6,53,40,8.05
496,Darnah,LY,2021-03-27 15:26:39,32.767,22.6367,58.6,56,25,16.22
497,Great Falls,US,2021-03-27 15:22:57,47.5002,-111.3008,41.0,60,1,4.61
498,Walvis Bay,NA,2021-03-27 15:26:40,-22.9575,14.5053,71.6,60,10,14.97
499,Nakano,JP,2021-03-27 15:26:40,36.75,138.3667,48.99,69,100,6.2
500,Grand Forks,US,2021-03-27 15:26:40,47.9417,-97.4337,35.6,69,1,13.8
501,Oktyabrskoye,RU,2021-03-27 15:26:40,43.0645,44.7417,50.0,49,40,8.95
502,Vila Franca Do Campo,PT,2021-03-27 15:26:41,37.7167,-25.4333,60.8,67,20,9.22
503,Meadow Lake,US,2021-03-27 15:26:41,34.8014,-106.5436,44.01,65,20,9.22
504,Ewa Beach,US,2021-03-27 15:26:41,21.3156,-158.0072,73.4,78,1,5.75
505,Nyrob,RU,2021-03-27 15:26:42,60.733,56.7202,24.46,88,14,5.64
506,Victor Harbor,AU,2021-03-27 15:26:42,-35.5667,138.6167,57.99,93,2,5.82
507,Lujan,AR,2021-03-27 15:26:42,-34.5703,-59.105,70.0,94,100,3.0
508,Montrose,US,2021-03-27 15:26:43,38.4166,-108.2673,37.99,71,17,1.99
509,Batticaloa,LK,2021-03-27 15:26:43,7.7102,81.6924,81.21,76,99,7.25
510,Aklavik,CA,2021-03-27 15:26:43,68.2191,-135.0107,-20.2,76,75,4.61
511,Kudahuvadhoo,MV,2021-03-27 15:26:43,2.6708,72.8944,80.02,79,100,5.06
512,Karacabey,TR,2021-03-27 15:26:44,40.2152,28.4038,57.2,41,0,3.44
513,Cuervos,MX,2021-03-27 15:26:44,32.6314,-114.8556,62.01,35,1,6.91
514,Nikki,BJ,2021-03-27 15:26:44,9.9401,3.2108,99.36,11,37,8.99
515,Wurzburg,DE,2021-03-27 15:26:45,49.7878,9.9361,48.99,53,20,20.71
516,Verkhnyaya Inta,RU,2021-03-27 15:26:45,65.9811,60.3094,24.85,87,100,12.24
517,Fairbanks,US,2021-03-27 15:23:16,64.8378,-147.7164,15.8,85,90,2.8
518,Havoysund,NO,2021-03-27 15:26:45,70.9963,24.6622,39.2,70,0,6.91
519,Jingdezhen,CN,2021-03-27 15:26:46,29.2947,117.2079,61.45,93,95,2.1
520,Sunrise Manor,US,2021-03-27 15:23:35,36.2111,-115.0731,55.99,30,1,3.44
521,Barra Do Bugres,BR,2021-03-27 15:23:49,-15.0725,-57.1811,89.24,47,15,5.61
522,Guiren,CN,2021-03-27 15:26:46,33.6697,118.1889,55.17,90,100,6.8
523,Yeppoon,AU,2021-03-27 15:26:46,-23.1333,150.7333,73.4,83,1,3.47
524,Zhuhai,CN,2021-03-27 15:26:47,22.2769,113.5678,77.0,94,20,3.44
525,Mount Gambier,AU,2021-03-27 15:26:47,-37.8333,140.7667,53.6,87,75,9.22
526,Sandy Bay,AU,2021-03-27 15:26:47,-42.913,147.3532,53.6,71,78,11.5
527,Odweyne,SO,2021-03-27 15:26:48,9.4092,45.064,81.34,28,8,13.22
528,Lavrentiya,RU,2021-03-27 15:26:48,65.5833,-171.0,-15.61,90,16,4.25
529,Ishim,RU,2021-03-27 15:26:48,56.1128,69.4902,32.0,99,100,2.64
530,Ratnagiri,IN,2021-03-27 15:26:49,16.9833,73.3,82.72,71,51,2.33
531,Pouembout,NC,2021-03-27 15:26:49,-21.1333,164.9,77.34,82,54,2.66
532,Pringsewu,ID,2021-03-27 15:26:49,-5.3582,104.9744,74.59,95,99,1.79
533,Stornoway,GB,2021-03-27 15:26:50,58.2093,-6.3865,43.0,81,75,26.46
534,Devils Lake,US,2021-03-27 15:26:50,48.1128,-98.8651,33.01,59,1,9.22
535,Gorontalo,ID,2021-03-27 15:26:50,0.5412,123.0595,75.61,95,100,3.6
536,Haines Junction,CA,2021-03-27 15:26:50,60.7522,-137.5108,21.2,86,100,2.3
537,Olafsvik,IS,2021-03-27 15:26:51,64.8945,-23.7142,27.64,52,100,26.96
538,Los Llanos De Aridane,ES,2021-03-27 15:26:51,28.6585,-17.9182,68.0,73,75,8.05
539,Port Blair,IN,2021-03-27 15:26:51,11.6667,92.75,82.72,76,97,4.56
540,Tuxpan,MX,2021-03-27 15:26:52,19.55,-103.4,71.6,53,1,1.88
541,Strezhevoy,RU,2021-03-27 15:26:52,60.7333,77.5889,32.0,93,75,2.24
542,San Marcos,US,2021-03-27 15:22:55,33.1434,-117.1661,53.01,76,1,3.44
543,Mamonovo,RU,2021-03-27 15:26:52,54.4643,19.938,62.6,42,40,8.95
544,Aitape,PG,2021-03-27 15:23:10,-3.1374,142.3475,79.0,85,100,2.62
545,Vityazevo,RU,2021-03-27 15:26:53,44.9931,37.2719,48.2,71,40,15.66
546,Miraflores,MX,2021-03-27 15:26:53,19.2167,-98.8083,64.4,27,1,1.59
547,Sorland,NO,2021-03-27 15:22:12,67.667,12.6934,39.2,93,75,13.8
548,Wajima,JP,2021-03-27 15:26:54,37.4,136.9,50.97,72,100,6.29
549,Northam,GB,2021-03-27 15:26:54,51.0333,-4.2167,54.0,77,97,5.99
550,Timoteo,BR,2021-03-27 15:26:54,-19.5825,-42.6444,87.8,55,0,5.75
551,Arenapolis,BR,2021-03-27 15:26:54,-14.4503,-56.8461,87.71,51,13,5.28
552,Giyani,ZA,2021-03-27 15:26:55,-23.3025,30.7187,85.77,30,0,8.01
553,Tilichiki,RU,2021-03-27 15:26:55,60.4667,166.1,-10.35,99,100,9.84
554,Gizo,SB,2021-03-27 15:26:55,-8.103,156.8419,82.24,75,33,7.4
555,San Rafael,AR,2021-03-27 15:26:56,-34.6177,-68.3301,66.81,24,0,5.75
556,Itarema,BR,2021-03-27 15:26:56,-2.9248,-39.9167,79.11,82,91,3.56
557,Coban,GT,2021-03-27 15:26:56,15.4833,-90.3667,69.8,78,20,2.71
558,Lawrenceburg,US,2021-03-27 15:26:57,38.0373,-84.8966,53.6,82,20,4.61
559,Misratah,LY,2021-03-27 15:26:57,32.3754,15.0925,65.39,47,50,12.17
560,Inirida,CO,2021-03-27 15:26:57,3.8653,-67.9239,82.6,73,88,0.87
561,Cairns,AU,2021-03-27 15:26:58,-16.9167,145.7667,75.2,94,90,10.36
562,Nome,US,2021-03-27 15:26:58,64.5011,-165.4064,-6.0,84,1,3.44
563,Brae,GB,2021-03-27 15:26:58,60.3964,-1.353,44.6,61,87,14.97
564,Yumbing,PH,2021-03-27 15:26:58,9.2393,124.6578,80.56,82,91,13.85
565,Guerrero Negro,MX,2021-03-27 15:26:59,27.9769,-114.0611,57.49,70,0,5.97
566,Erzin,TR,2021-03-27 15:26:59,36.9559,36.2,57.99,38,4,4.09
567,Asfi,MA,2021-03-27 15:26:59,32.2994,-9.2372,69.89,52,64,10.0
568,Naze,JP,2021-03-27 15:22:32,28.3667,129.4833,66.36,84,100,19.89
569,Verin,ES,2021-03-27 15:27:00,41.9415,-7.4381,64.0,43,3,5.64
570,Kyzyl-Suu,KG,2021-03-27 15:27:00,42.3414,78.0056,43.79,58,71,6.13
571,Alice Springs,AU,2021-03-27 15:24:55,-23.7,133.8833,69.8,78,40,5.75
572,Olinda,BR,2021-03-27 15:27:01,-8.0089,-34.8553,82.4,65,40,9.22
573,Teguldet,RU,2021-03-27 15:27:01,57.3064,88.1667,28.98,93,100,6.93
574,Jahanabad,IN,2021-03-27 15:27:01,25.2167,84.9833,75.2,35,0,5.12
575,Scarborough,GB,2021-03-27 15:27:02,54.2797,-0.4044,48.99,56,93,4.0
576,Mopti,ML,2021-03-27 15:27:02,14.6667,-4.0,102.2,8,2,16.11
577,Sfantu Gheorghe,RO,2021-03-27 15:24:38,45.8667,25.7833,55.0,22,3,1.99
